[{"fields": {"session_data": "NTdmZmZiNmM1ZWUwMjNmMWNiNGY2NGZjNTdlOTk3MDM1MjdiNjA3ODp7Il9hdXRoX3VzZXJfaGFzaCI6IjhjOGQzYTVhMzkxMDkwMTI1NDRjNjJmZWUyN2Q5NTU5ZDYzZTY5NmEiLCJfYXV0aF91c2VyX2JhY2tlbmQiOiJkamFuZ28uY29udHJpYi5hdXRoLmJhY2tlbmRzLk1vZGVsQmFja2VuZCIsIl9hdXRoX3VzZXJfaWQiOjJ9", "expire_date": "2015-03-25T22:07:33.571Z"}, "model": "sessions.session", "pk": "2hncfrc2v892c5kk5aftns1jz92rfptu"}, {"fields": {"session_data": "MjY3ZGRjMmViYmYwZTU1Y2ViZjBiNjgxZDNmMTA1YjIyNTcxODk0Yzp7Il9hdXRoX3VzZXJfaGFzaCI6IjQyZGJhOWYyMDczYWU2NTlhMTQxYTM5ZTE1N2FiZDcwOTNkYWY5ZDQiLCJfYXV0aF91c2VyX2JhY2tlbmQiOiJkamFuZ28uY29udHJpYi5hdXRoLmJhY2tlbmRzLk1vZGVsQmFja2VuZCIsIl9hdXRoX3VzZXJfaWQiOjN9", "expire_date": "2015-03-25T22:01:53.621Z"}, "model": "sessions.session", "pk": "4bgvx04j03kwxey77qoc0s4jf3gku2eh"}, {"fields": {"session_data": "M2Q2YmZhODAzYzE5NTJmOWU2OTk0ZTQ1NDllZjcyOTY2NjY5MjE4ZDp7fQ==", "expire_date": "2015-03-25T19:51:41.760Z"}, "model": "sessions.session", "pk": "cfms8hwyv9rw2bh0jodgx6nxmheqg3bt"}, {"fields": {"session_data": "ODQ0YWMyNGNlYjBlMTBmZjEzZDFkNzdmY2Y2MWFlMzk2ZTRjZjU5Njp7Il9hdXRoX3VzZXJfaGFzaCI6IjFiZWU1YmVlOGRiNGIxMjQyNWI0ODY0MTY2NDVjZTU2NjJjOTgwMjgiLCJfYXV0aF91c2VyX2JhY2tlbmQiOiJkamFuZ28uY29udHJpYi5hdXRoLmJhY2tlbmRzLk1vZGVsQmFja2VuZCIsIl9hdXRoX3VzZXJfaWQiOjZ9", "expire_date": "2015-03-25T21:33:24.918Z"}, "model": "sessions.session", "pk": "hlrhpmhcfyr35owlug131nhui2osbqwd"}, {"fields": {"session_data": "MjJjYTM4NmRkY2M4OTA1YjBhMzExOTQ0NzdjMGU3MDE3NTRiZjJlOTp7Il9hdXRoX3VzZXJfYmFja2VuZCI6ImRqYW5nby5jb250cmliLmF1dGguYmFja2VuZHMuTW9kZWxCYWNrZW5kIiwiX2F1dGhfdXNlcl9pZCI6MSwiX2F1dGhfdXNlcl9oYXNoIjoiYmI0NWU5YmIzYmQ0NWViMTFkYzQ0M2Y0ODE0MDZjMmJiMzg4NDg1YiJ9", "expire_date": "2015-03-25T22:34:03.830Z"}, "model": "sessions.session", "pk": "l5gll7vnluab6sgk7oo9b94qubuhq1i8"}, {"fields": {"session_data": "OTIyMWNjYmJiM2E2ZmQyMTg2NjBmZDA5YjFiNzg3MzBlZDQwN2RkMjp7Il9hdXRoX3VzZXJfaGFzaCI6ImJiNDVlOWJiM2JkNDVlYjExZGM0NDNmNDgxNDA2YzJiYjM4ODQ4NWIiLCJfYXV0aF91c2VyX2JhY2tlbmQiOiJkamFuZ28uY29udHJpYi5hdXRoLmJhY2tlbmRzLk1vZGVsQmFja2VuZCIsIl9hdXRoX3VzZXJfaWQiOjF9", "expire_date": "2015-03-25T22:01:25.041Z"}, "model": "sessions.session", "pk": "lu9g4k7mcte111au0elu6yxjl0y8b5cb"}, {"fields": {"session_data": "OTIyMWNjYmJiM2E2ZmQyMTg2NjBmZDA5YjFiNzg3MzBlZDQwN2RkMjp7Il9hdXRoX3VzZXJfaGFzaCI6ImJiNDVlOWJiM2JkNDVlYjExZGM0NDNmNDgxNDA2YzJiYjM4ODQ4NWIiLCJfYXV0aF91c2VyX2JhY2tlbmQiOiJkamFuZ28uY29udHJpYi5hdXRoLmJhY2tlbmRzLk1vZGVsQmFja2VuZCIsIl9hdXRoX3VzZXJfaWQiOjF9", "expire_date": "2015-03-25T22:01:23.620Z"}, "model": "sessions.session", "pk": "nd38fkwvy3qqzmamn771r5brcsjklyc0"}, {"fields": {"session_data": "NGRkMTU5MjY2YzY1NGFhNzI1MWE5NDIzMzJhY2I4MGU4Yjc0NTgwODp7Il9hdXRoX3VzZXJfaGFzaCI6IjU1YTM1OGFkYmMyNDc1MjQ4YjkzNTdkNGYxZjQyZDUyZmVjZGFhODAiLCJfYXV0aF91c2VyX2JhY2tlbmQiOiJkamFuZ28uY29udHJpYi5hdXRoLmJhY2tlbmRzLk1vZGVsQmFja2VuZCIsIl9hdXRoX3VzZXJfaWQiOjV9", "expire_date": "2015-03-25T22:20:17.407Z"}, "model": "sessions.session", "pk": "tkwcphrojgfvnx15fb4saunvphba23pw"}, {"fields": {"session_data": "OTIyMWNjYmJiM2E2ZmQyMTg2NjBmZDA5YjFiNzg3MzBlZDQwN2RkMjp7Il9hdXRoX3VzZXJfaGFzaCI6ImJiNDVlOWJiM2JkNDVlYjExZGM0NDNmNDgxNDA2YzJiYjM4ODQ4NWIiLCJfYXV0aF91c2VyX2JhY2tlbmQiOiJkamFuZ28uY29udHJpYi5hdXRoLmJhY2tlbmRzLk1vZGVsQmFja2VuZCIsIl9hdXRoX3VzZXJfaWQiOjF9", "expire_date": "2015-03-25T22:01:22.119Z"}, "model": "sessions.session", "pk": "tqnsryup4gm8k8hjkih0jq37rr7rkasl"}, {"fields": {"session_data": "OTIyMWNjYmJiM2E2ZmQyMTg2NjBmZDA5YjFiNzg3MzBlZDQwN2RkMjp7Il9hdXRoX3VzZXJfaGFzaCI6ImJiNDVlOWJiM2JkNDVlYjExZGM0NDNmNDgxNDA2YzJiYjM4ODQ4NWIiLCJfYXV0aF91c2VyX2JhY2tlbmQiOiJkamFuZ28uY29udHJpYi5hdXRoLmJhY2tlbmRzLk1vZGVsQmFja2VuZCIsIl9hdXRoX3VzZXJfaWQiOjF9", "expire_date": "2015-03-25T19:50:42.597Z"}, "model": "sessions.session", "pk": "u5nh4tnux8d5jnoyvak2uyi924egaexh"}, {"fields": {"session_data": "M2Q2YmZhODAzYzE5NTJmOWU2OTk0ZTQ1NDllZjcyOTY2NjY5MjE4ZDp7fQ==", "expire_date": "2015-03-25T19:50:34.910Z"}, "model": "sessions.session", "pk": "zk3hdtni5sgr12v1m6tamt8ikj6f885t"}, {"fields": {"name": "mariecurie", "occurrences": 1}, "model": "stream_twitter.hashtag", "pk": 1}, {"fields": {"name": "science", "occurrences": 3}, "model": "stream_twitter.hashtag", "pk": 2}, {"fields": {"name": "noizzzze", "occurrences": 1}, "model": "stream_twitter.hashtag", "pk": 3}, {"fields": {"name": "notme", "occurrences": 1}, "model": "stream_twitter.hashtag", "pk": 4}, {"fields": {"name": "knowledge", "occurrences": 1}, "model": "stream_twitter.hashtag", "pk": 5}, {"fields": {"name": "realscience", "occurrences": 1}, "model": "stream_twitter.hashtag", "pk": 6}, {"fields": {"name": "fashion", "occurrences": 2}, "model": "stream_twitter.hashtag", "pk": 7}, {"fields": {"name": "warofthecurrents", "occurrences": 3}, "model": "stream_twitter.hashtag", "pk": 8}, {"fields": {"name": "dc", "occurrences": 4}, "model": "stream_twitter.hashtag", "pk": 9}, {"fields": {"name": "ac", "occurrences": 2}, "model": "stream_twitter.hashtag", "pk": 10}, {"fields": {"name": "thugforlife", "occurrences": 1}, "model": "stream_twitter.hashtag", "pk": 11}, {"fields": {"name": "swag", "occurrences": 1}, "model": "stream_twitter.hashtag", "pk": 12}, {"fields": {"name": "believer", "occurrences": 1}, "model": "stream_twitter.hashtag", "pk": 13}, {"fields": {"codename": "add_logentry", "name": "Can add log entry", "content_type": 1}, "model": "auth.permission", "pk": 1}, {"fields": {"codename": "change_logentry", "name": "Can change log entry", "content_type": 1}, "model": "auth.permission", "pk": 2}, {"fields": {"codename": "delete_logentry", "name": "Can delete log entry", "content_type": 1}, "model": "auth.permission", "pk": 3}, {"fields": {"codename": "add_permission", "name": "Can add permission", "content_type": 2}, "model": "auth.permission", "pk": 4}, {"fields": {"codename": "change_permission", "name": "Can change permission", "content_type": 2}, "model": "auth.permission", "pk": 5}, {"fields": {"codename": "delete_permission", "name": "Can delete permission", "content_type": 2}, "model": "auth.permission", "pk": 6}, {"fields": {"codename": "add_group", "name": "Can add group", "content_type": 3}, "model": "auth.permission", "pk": 7}, {"fields": {"codename": "change_group", "name": "Can change group", "content_type": 3}, "model": "auth.permission", "pk": 8}, {"fields": {"codename": "delete_group", "name": "Can delete group", "content_type": 3}, "model": "auth.permission", "pk": 9}, {"fields": {"codename": "add_user", "name": "Can add user", "content_type": 4}, "model": "auth.permission", "pk": 10}, {"fields": {"codename": "change_user", "name": "Can change user", "content_type": 4}, "model": "auth.permission", "pk": 11}, {"fields": {"codename": "delete_user", "name": "Can delete user", "content_type": 4}, "model": "auth.permission", "pk": 12}, {"fields": {"codename": "add_contenttype", "name": "Can add content type", "content_type": 5}, "model": "auth.permission", "pk": 13}, {"fields": {"codename": "change_contenttype", "name": "Can change content type", "content_type": 5}, "model": "auth.permission", "pk": 14}, {"fields": {"codename": "delete_contenttype", "name": "Can delete content type", "content_type": 5}, "model": "auth.permission", "pk": 15}, {"fields": {"codename": "add_session", "name": "Can add session", "content_type": 6}, "model": "auth.permission", "pk": 16}, {"fields": {"codename": "change_session", "name": "Can change session", "content_type": 6}, "model": "auth.permission", "pk": 17}, {"fields": {"codename": "delete_session", "name": "Can delete session", "content_type": 6}, "model": "auth.permission", "pk": 18}, {"fields": {"codename": "add_tweet", "name": "Can add tweet", "content_type": 7}, "model": "auth.permission", "pk": 19}, {"fields": {"codename": "change_tweet", "name": "Can change tweet", "content_type": 7}, "model": "auth.permission", "pk": 20}, {"fields": {"codename": "delete_tweet", "name": "Can delete tweet", "content_type": 7}, "model": "auth.permission", "pk": 21}, {"fields": {"codename": "add_follow", "name": "Can add follow", "content_type": 8}, "model": "auth.permission", "pk": 22}, {"fields": {"codename": "change_follow", "name": "Can change follow", "content_type": 8}, "model": "auth.permission", "pk": 23}, {"fields": {"codename": "delete_follow", "name": "Can delete follow", "content_type": 8}, "model": "auth.permission", "pk": 24}, {"fields": {"codename": "add_userprofile", "name": "Can add user profile", "content_type": 9}, "model": "auth.permission", "pk": 25}, {"fields": {"codename": "change_userprofile", "name": "Can change user profile", "content_type": 9}, "model": "auth.permission", "pk": 26}, {"fields": {"codename": "delete_userprofile", "name": "Can delete user profile", "content_type": 9}, "model": "auth.permission", "pk": 27}, {"fields": {"codename": "add_hashtag", "name": "Can add hashtag", "content_type": 10}, "model": "auth.permission", "pk": 28}, {"fields": {"codename": "change_hashtag", "name": "Can change hashtag", "content_type": 10}, "model": "auth.permission", "pk": 29}, {"fields": {"codename": "delete_hashtag", "name": "Can delete hashtag", "content_type": 10}, "model": "auth.permission", "pk": 30}, {"fields": {"username": "theRealAlbert", "first_name": "Albert", "last_name": "Einstein", "is_active": true, "is_superuser": true, "is_staff": true, "last_login": "2015-03-11T22:34:03.620Z", "groups": [], "user_permissions": [], "password": "pbkdf2_sha256$15000$c6AQvuGwLwho$XLaKb/lRNAnHU9Uj4H4XMgDnHZF33Lq2ONFtKqdAIXA=", "email": "", "date_joined": "2014-03-11T19:50:16Z"}, "model": "auth.user", "pk": 1}, {"fields": {"username": "teslaModelX", "first_name": "Nikola", "last_name": "Tesla", "is_active": true, "is_superuser": false, "is_staff": false, "last_login": "2015-03-11T22:07:33.522Z", "groups": [], "user_permissions": [], "password": "pbkdf2_sha256$15000$XKtkJQ0pmXjV$U+heg78cwsyEdlse9e8+2QCTcQA001JKaFLgtmG52R4=", "email": "", "date_joined": "2015-03-11T21:03:43Z"}, "model": "auth.user", "pk": 2}, {"fields": {"username": "edison", "first_name": "Thomas", "last_name": "Edison", "is_active": true, "is_superuser": false, "is_staff": false, "last_login": "2015-03-11T22:01:53.458Z", "groups": [], "user_permissions": [], "password": "pbkdf2_sha256$15000$6mwtpRy2lGUA$gO1ynB/N73frIuveSHLe2fYs3iyUc7OanpMnvN4pFfQ=", "email": "", "date_joined": "2015-03-11T20:49:00Z"}, "model": "auth.user", "pk": 3}, {"fields": {"username": "albert", "first_name": "Albert", "last_name": "Einstein", "is_active": true, "is_superuser": false, "is_staff": false, "last_login": "2015-03-11T21:53:38Z", "groups": [], "user_permissions": [], "password": "pbkdf2_sha256$15000$6ckhFDm8u2hq$x0tyg4kjO9Bb3le3E2di5UF/AYwuHQdwRpsKRyGFqdE=", "email": "", "date_joined": "2014-03-11T21:01:12Z"}, "model": "auth.user", "pk": 4}, {"fields": {"username": "pikachu1413", "first_name": "", "last_name": "", "is_active": true, "is_superuser": false, "is_staff": false, "last_login": "2015-03-11T22:20:17.344Z", "groups": [], "user_permissions": [], "password": "pbkdf2_sha256$15000$GqtXBpjUP2ud$ze6AeI8/PMrCi4SaP7x8bG8h88dU89YkmNMIiBLhV1w=", "email": "", "date_joined": "2012-03-11T21:07:56Z"}, "model": "auth.user", "pk": 5}, {"fields": {"username": "marieCurie", "first_name": "Marie", "last_name": "Curie", "is_active": true, "is_superuser": false, "is_staff": false, "last_login": "2015-03-11T21:33:24.874Z", "groups": [], "user_permissions": [], "password": "pbkdf2_sha256$15000$rcLock8ALyid$kTKvLqGRdxG5vITz4eAiC6cVlpfmdDGuT0SYhK3XUtQ=", "email": "", "date_joined": "2011-03-11T21:31:51Z"}, "model": "auth.user", "pk": 6}, {"fields": {"text": "Nothing in life is to be feared, it is only to be understood. Now is the time to understand more, so that we may fear less. #MarieCurie", "created_at": "2015-03-11T21:34:09.319Z", "user": 6}, "model": "stream_twitter.tweet", "pk": 1}, {"fields": {"text": "Measurements of various quantities are relative to the velocities of observers. In particular, space contracts and time dilates. #Science", "created_at": "2015-03-11T21:41:56.852Z", "user": 4}, "model": "stream_twitter.tweet", "pk": 2}, {"fields": {"text": "In #Science, we must be interested in things, not in persons.", "created_at": "2015-03-11T21:46:45.304Z", "user": 6}, "model": "stream_twitter.tweet", "pk": 3}, {"fields": {"text": "wasssup all yo hustlas out there. First time joining in Stream Twitter here. y'all make some #noizzzze", "created_at": "2015-03-11T21:51:11.602Z", "user": 1}, "model": "stream_twitter.tweet", "pk": 4}, {"fields": {"text": "Just like to point out that @albert is #notMe, he is my driver. Please follow me instead and learn some real #knowledge", "created_at": "2015-03-11T21:52:18.574Z", "user": 1}, "model": "stream_twitter.tweet", "pk": 5}, {"fields": {"text": "The speed of light is nonetheless invariant, the same for all observers.", "created_at": "2015-03-11T21:54:01.665Z", "user": 4}, "model": "stream_twitter.tweet", "pk": 6}, {"fields": {"text": "@albert yo bro, not cool stop pretend to be me and post random nonsense ", "created_at": "2015-03-11T21:55:05.178Z", "user": 1}, "model": "stream_twitter.tweet", "pk": 7}, {"fields": {"text": "Put your hand on a hot stove for a minute, and it seems like an hour. Sit with a pretty girl for an hour, and it seems like a minute. That's relativity!", "created_at": "2015-03-11T21:58:35.051Z", "user": 1}, "model": "stream_twitter.tweet", "pk": 8}, {"fields": {"text": "#realScience", "created_at": "2015-03-11T21:58:47.712Z", "user": 1}, "model": "stream_twitter.tweet", "pk": 9}, {"fields": {"text": "All my life through, the new sights of Nature made me rejoice like a child. ", "created_at": "2015-03-11T21:59:38.469Z", "user": 6}, "model": "stream_twitter.tweet", "pk": 10}, {"fields": {"text": "Q: How many college football players does it take to change a light  bulb?", "created_at": "2015-03-11T22:02:00.071Z", "user": 3}, "model": "stream_twitter.tweet", "pk": 11}, {"fields": {"text": "A: The entire team! And they all get a semester's credit for it!", "created_at": "2015-03-11T22:02:17.173Z", "user": 3}, "model": "stream_twitter.tweet", "pk": 12}, {"fields": {"text": "Q:  How many people does it take to change an object-oriented light bulb?", "created_at": "2015-03-11T22:03:37.439Z", "user": 3}, "model": "stream_twitter.tweet", "pk": 13}, {"fields": {"text": "A:  Change it? Aw shucks, I was going to reuse it.", "created_at": "2015-03-11T22:03:57.469Z", "user": 3}, "model": "stream_twitter.tweet", "pk": 14}, {"fields": {"text": "@edison lmao, bruhh that's hella funny!", "created_at": "2015-03-11T22:04:28.038Z", "user": 1}, "model": "stream_twitter.tweet", "pk": 15}, {"fields": {"text": "\"Style is joyful if you allow yourself to have joy.\" - @teslaModelX  #Fashion", "created_at": "2015-03-11T22:07:49.814Z", "user": 2}, "model": "stream_twitter.tweet", "pk": 16}, {"fields": {"text": "Try This: Build Your Room Like You Build Your Wardrobe on.apttherapy.com/vCZaJk  #Fashion ", "created_at": "2015-03-11T22:08:48.582Z", "user": 2}, "model": "stream_twitter.tweet", "pk": 17}, {"fields": {"text": "Regarding on the recent accusation that I am not the real Albert Einstein. I believe I have the right to remain silent.", "created_at": "2015-03-11T22:12:05.791Z", "user": 4}, "model": "stream_twitter.tweet", "pk": 18}, {"fields": {"text": "@albert aha!", "created_at": "2015-03-11T22:12:29.474Z", "user": 1}, "model": "stream_twitter.tweet", "pk": 19}, {"fields": {"text": "#WarOfTheCurrents #DC ! #DC ! #DC ! #DC !", "created_at": "2015-03-11T22:15:38.716Z", "user": 3}, "model": "stream_twitter.tweet", "pk": 20}, {"fields": {"text": "#WarOfTheCurrents folk, learn the safety issues of high voltage transmission. #DC for the win!", "created_at": "2015-03-11T22:16:19.253Z", "user": 3}, "model": "stream_twitter.tweet", "pk": 21}, {"fields": {"text": "@edison not that I care, but I think #AC is definitely better.", "created_at": "2015-03-11T22:17:35.386Z", "user": 2}, "model": "stream_twitter.tweet", "pk": 22}, {"fields": {"text": "#WarOfTheCurrents, Arthur Kennelly and Harold Brown will join me to conduct a couple of #AC experiment on cute animals to show you all how scary #AC is", "created_at": "2015-03-11T22:19:38.743Z", "user": 3}, "model": "stream_twitter.tweet", "pk": 23}, {"fields": {"text": "#DC pika pika pika!!", "created_at": "2015-03-11T22:20:35.667Z", "user": 5}, "model": "stream_twitter.tweet", "pk": 24}, {"fields": {"text": "@edison pika pika, pika pika pika pika pppppiiiika #DC", "created_at": "2015-03-11T22:21:03.846Z", "user": 5}, "model": "stream_twitter.tweet", "pk": 25}, {"fields": {"text": "#swag #believer #thugForLife #Science", "created_at": "2015-03-11T22:23:04.029Z", "user": 1}, "model": "stream_twitter.tweet", "pk": 26}, {"fields": {"picture": "profile_pictures/albert_RUZNi3E.png", "user": 1, "description": "I am the real Albert Einstein, @albert is just my driver. He knows nothing about theory of relativity or how to be a scientific thug with #swag. Please follow me instead."}, "model": "stream_twitter.userprofile", "pk": 1}, {"fields": {"picture": "profile_pictures/testla.png", "user": 2, "description": "His name is Tesla, Nicola Tesla. He is a professional male model under the name \"X\". He occasionally does science stuff. From time to time, he also refer to himself as a third person."}, "model": "stream_twitter.userprofile", "pk": 2}, {"fields": {"picture": "profile_pictures/edison.png", "user": 3, "description": "I invented pretty much everything. I am a genius!"}, "model": "stream_twitter.userprofile", "pk": 3}, {"fields": {"picture": "profile_pictures/albert1_6QY1aPb.png", "user": 4, "description": "For my recent paper, The Gravitational Equations And The Problem Of Motion. Please visit: bit.ly/1D72PVE"}, "model": "stream_twitter.userprofile", "pk": 4}, {"fields": {"picture": "profile_pictures/pika.png", "user": 5, "description": "pika pika pika pika pika, pika pika"}, "model": "stream_twitter.userprofile", "pk": 5}, {"fields": {"picture": "profile_pictures/marie.png", "user": 6, "description": "Certified. I am a Polish and naturalized-French physicist and chemist who conducted pioneering research on radioactivity."}, "model": "stream_twitter.userprofile", "pk": 6}, {"fields": {"action_flag": 2, "action_time": "2015-03-11T20:15:44.539Z", "object_repr": "theRealAlbert", "object_id": "1", "change_message": "Changed first_name and last_name. Added user profile \"UserProfile object\".", "user": 1, "content_type": 4}, "model": "admin.logentry", "pk": 1}, {"fields": {"action_flag": 1, "action_time": "2015-03-11T20:31:05.042Z", "object_repr": "teslaModelX", "object_id": "2", "change_message": "", "user": 1, "content_type": 4}, "model": "admin.logentry", "pk": 2}, {"fields": {"action_flag": 2, "action_time": "2015-03-11T20:42:15.768Z", "object_repr": "teslaModelX", "object_id": "2", "change_message": "Changed picture for user profile \"UserProfile object\".", "user": 1, "content_type": 4}, "model": "admin.logentry", "pk": 3}, {"fields": {"action_flag": 2, "action_time": "2015-03-11T20:42:36.255Z", "object_repr": "teslaModelX", "object_id": "2", "change_message": "Changed description for user profile \"UserProfile object\".", "user": 1, "content_type": 4}, "model": "admin.logentry", "pk": 4}, {"fields": {"action_flag": 1, "action_time": "2015-03-11T20:49:00.881Z", "object_repr": "edison", "object_id": "3", "change_message": "", "user": 1, "content_type": 4}, "model": "admin.logentry", "pk": 5}, {"fields": {"action_flag": 1, "action_time": "2015-03-11T21:01:12.563Z", "object_repr": "albertEinstein", "object_id": "4", "change_message": "", "user": 1, "content_type": 4}, "model": "admin.logentry", "pk": 6}, {"fields": {"action_flag": 2, "action_time": "2015-03-11T21:01:36.592Z", "object_repr": "albertEinstein", "object_id": "4", "change_message": "Changed description for user profile \"UserProfile object\".", "user": 1, "content_type": 4}, "model": "admin.logentry", "pk": 7}, {"fields": {"action_flag": 2, "action_time": "2015-03-11T21:02:06.718Z", "object_repr": "albert", "object_id": "4", "change_message": "Changed username.", "user": 1, "content_type": 4}, "model": "admin.logentry", "pk": 8}, {"fields": {"action_flag": 2, "action_time": "2015-03-11T21:02:47.001Z", "object_repr": "theRealAlbert", "object_id": "1", "change_message": "Changed date_joined.", "user": 1, "content_type": 4}, "model": "admin.logentry", "pk": 9}, {"fields": {"action_flag": 2, "action_time": "2015-03-11T21:02:58.913Z", "object_repr": "albert", "object_id": "4", "change_message": "Changed last_login.", "user": 1, "content_type": 4}, "model": "admin.logentry", "pk": 10}, {"fields": {"action_flag": 2, "action_time": "2015-03-11T21:03:19.157Z", "object_repr": "albert", "object_id": "4", "change_message": "Changed date_joined.", "user": 1, "content_type": 4}, "model": "admin.logentry", "pk": 11}, {"fields": {"action_flag": 2, "action_time": "2015-03-11T21:03:45.505Z", "object_repr": "teslaModelX", "object_id": "2", "change_message": "Changed date_joined.", "user": 1, "content_type": 4}, "model": "admin.logentry", "pk": 12}, {"fields": {"action_flag": 2, "action_time": "2015-03-11T21:04:31.674Z", "object_repr": "edison", "object_id": "3", "change_message": "Changed first_name and last_name.", "user": 1, "content_type": 4}, "model": "admin.logentry", "pk": 13}, {"fields": {"action_flag": 2, "action_time": "2015-03-11T21:04:42.622Z", "object_repr": "albert", "object_id": "4", "change_message": "Changed first_name and last_name.", "user": 1, "content_type": 4}, "model": "admin.logentry", "pk": 14}, {"fields": {"action_flag": 2, "action_time": "2015-03-11T21:05:07.854Z", "object_repr": "teslaModelX", "object_id": "2", "change_message": "Changed first_name and last_name.", "user": 1, "content_type": 4}, "model": "admin.logentry", "pk": 15}, {"fields": {"action_flag": 1, "action_time": "2015-03-11T21:07:56.432Z", "object_repr": "pikachu1413", "object_id": "5", "change_message": "", "user": 1, "content_type": 4}, "model": "admin.logentry", "pk": 16}, {"fields": {"action_flag": 2, "action_time": "2015-03-11T21:08:04.136Z", "object_repr": "pikachu1413", "object_id": "5", "change_message": "Changed date_joined.", "user": 1, "content_type": 4}, "model": "admin.logentry", "pk": 17}, {"fields": {"action_flag": 2, "action_time": "2015-03-11T21:20:26.917Z", "object_repr": "albert", "object_id": "4", "change_message": "Changed description for user profile \"UserProfile object\".", "user": 1, "content_type": 4}, "model": "admin.logentry", "pk": 18}, {"fields": {"action_flag": 1, "action_time": "2015-03-11T21:31:51.967Z", "object_repr": "marieCurie", "object_id": "6", "change_message": "", "user": 1, "content_type": 4}, "model": "admin.logentry", "pk": 19}, {"fields": {"action_flag": 2, "action_time": "2015-03-11T21:32:41.107Z", "object_repr": "marieCurie", "object_id": "6", "change_message": "Changed first_name, last_name and date_joined.", "user": 1, "content_type": 4}, "model": "admin.logentry", "pk": 20}, {"fields": {"action_flag": 2, "action_time": "2015-03-11T21:38:08.548Z", "object_repr": "albert", "object_id": "4", "change_message": "Changed date_joined.", "user": 1, "content_type": 4}, "model": "admin.logentry", "pk": 21}, {"fields": {"action_flag": 2, "action_time": "2015-03-11T22:28:54.056Z", "object_repr": "albert", "object_id": "4", "change_message": "Changed picture for user profile \"UserProfile object\".", "user": 1, "content_type": 4}, "model": "admin.logentry", "pk": 22}, {"fields": {"action_flag": 2, "action_time": "2015-03-11T22:29:17.124Z", "object_repr": "albert", "object_id": "4", "change_message": "Changed picture for user profile \"UserProfile object\".", "user": 1, "content_type": 4}, "model": "admin.logentry", "pk": 23}, {"fields": {"action_flag": 2, "action_time": "2015-03-11T22:29:30.904Z", "object_repr": "theRealAlbert", "object_id": "1", "change_message": "Changed picture for user profile \"UserProfile object\".", "user": 1, "content_type": 4}, "model": "admin.logentry", "pk": 24}]